Target_Mutation,Orientation,Sequence
Y139V,F,GAGCGGCAGCGCCGTGAGAGAGACCAAGGAC
,R,CTTGGTCTCTCTCACGGCGCTGCCGCTCACC
Y139T,F,GAGCGGCAGCGCCACCAGAGAGACCAAGGAC
,R,CTTGGTCTCTCTGGTGGCGCTGCCGCTCACC
Y139S,F,GAGCGGCAGCGCCAGCAGAGAGACCAAGGAC
,R,CTTGGTCTCTCTGCTGGCGCTGCCGCTCACC
A48D,F,
,R,
E265V,F,GGCGGCGTGGTGCTGCACTTCGACGTGGAG
,R,GTCGAAGTGCAGCACCACGCCGCCCCAGGTG
D9T,F,GACTGCTGATCAGCACCAGCTACGACCCCTG
,R,GGTCGTAGCTGGTGCTGATCAGCAGTCTCAG
L161H,F,GACCTGAGCAGACACGCCAACTACCTGAACC
,R,GTTCAGGTAGTTGGCGTGTCTGCTCAGGTCG
F281K,F,
,R,
A48E,F,GTGATCGGCAGAGAGCAGAACCCCTGGAAGG
,R,CCAGGGGTTCTGCTCTCTGCCGATCACCACG
L161R,F,CGACCTGAGCAGAAGGGCCAACTACCTGAAC
,R,TCAGGTAGTTGGCCCTTCTGCTCAGGTCGG
E265I,F,CTGGGGCGGCGTGATCCTGCACTTCGACGTG
,R,GTCGAAGTGCAGGATCACGCCGCCCCAGGTG
F147S,F,CAAGGACAGAGGCAGCCACCACGGCACCCTG
,R,GGTGCCGTGGTGGCTGCCTCTGTCCTTGGTC
L161Q,F,CGACCTGAGCAGACAGGCCAACTACCTGAACC
,R,GTTCAGGTAGTTGGCCTGTCTGCTCAGGTCGG
L161M,F,CGACCTGAGCAGAATGGCCAACTACCTGAACC
,R,GGTAGTTGGCCATTCTGCTCAGGTCGGCGTTC
A48R,F,GTGATCGGCAGAAGACAGAACCCCTGGAAGG
,R,CCAGGGGTTCTGTCTTCTGCCGATCACCACG
L161Y,F,GACCTGAGCAGATACGCCAACTACCTGAACC
,R,GTTCAGGTAGTTGGCGTATCTGCTCAGGTCGG
A48K,F,
,R,
F147R,F,CAAGGACAGAGGCAGACACCACGGCACCCTG
,R,GGTGCCGTGGTGTCTGCCTCTGTCCTTGGTC
P229E,F,GACCCCCGACCTGGAGAACTTCGCCGAGACC
,R,CTCGGCGAAGTTCTCCAGGTCGGGGGTCTTG
E265T,F,GGGCGGCGTGACCCTGCACTTCGACGTGGAG
,R,GTCGAAGTGCAGGGTCACGCCGCCCCAGGTG
C311F,F,GCTGCAGCAGGAGTTCGAGGCCCTGCTGGTG
,R,CAGCAGGGCCTCGAACTCCTGCTGCAGCATG
Q26T,F,GTGCATCTTCAGAACCATGCCCGCCACCCAG
,R,GGGTGGCGGGCATGGTTCTGAAGATGCACTC
E265R,F,CTGGGGCGGCGTGAGACTGCACTTCGACGTG
,R,GTCGAAGTGCAGTCTCACGCCGCCCCAGGTG
E265K,F,
,R,
F281L,F,CAGAGCCCAGGTGCTGACCGACAGCCTGAAC
,R,GCTGTCGGTCAGCACCTGGGCTCTGGTGATG
P229D,F,GACCCCCGACCTGGACAACTTCGCCGAGAC
,R,CTCGGCGAAGTTGTCCAGGTCGGGGGTCTTG
F281A,F,CAGAGCCCAGGTGGCCACCGACAGCCTGAACC
,R,CAGGCTGTCGGTGGCCACCTGGGCTCTGGTG
P289A,F,CTGAACCCCGCCGCCCTGGAGGCCCTG
,R,AGGGCCTCCAGGGCGGCGGGGTTCAGG
D9E,F,CTGCTGATCAGCGAGAGCTACGACCCCTGG
,R,CAGGGGTCGTAGCTCTCGCTGATCAGCAGTC
F147K,F,
,R,
E265L,F,CTGGGGCGGCGTGCTGCTGCACTTCGACGTG
,R,GTCGAAGTGCAGCAGCACGCCGCCCCAGGTG
Q26S,F,GTGCATCTTCAGAAGCATGCCCGCCACCCAG
,R,GGTGGCGGGCATGCTTCTGAAGATGCACTC
Ext.+3a7r,,
F281R,F,CAGAGCCCAGGTGAGGACCGACAGCCTGAAC
,R,CAGGCTGTCGGTCCTCACCTGGGCTCTGGTG
W52L,F,GAGCCCAGAACCCCCTGAAGGAGTGCAACAC
,R,GTTGCACTCCTTCAGGGGGTTCTGGGCTCTG
N83V,F,CCACGACCTGGGCGTGACCTGCTTCACCTTC
,R,GGTGAAGCAGGTCACGCCCAGGTCGTGGAAC
3a7r,,
P13A,F,CGACAGCTACGACGCCTGGTTCAACCTGG
,R,GGTTGAACCAGGCGTCGTAGCTGTCGCTG
G263H,F,GATTCACCTGGGGCCACGTGGAGCTGCACTTC
,R,GTGCAGCTCCACGTGGCCCCAGGTGAATCTC
D256S,F,CAGCCACCTGCTGAGCGAGAGATTCACCTG
,R,GGTGAATCTCTCGCTCAGCAGGTGGCTGAAG
L285P,F,TTCACCGACAGCCCCAACCCCGCCCCCCTG
,R,GGGCGGGGTTGGGGCTGTCGGTGAACAC
Q321A,F,GACTTCCCCGAGGCCGAGAAGGAGCTGAGAG
,R,GCTCCTTCTCGGCCTCGGGGAAGTCCACCAG
Q321S,F,GACTTCCCCGAGAGCGAGAAGGAGCTGAGAG
,R,GCTCCTTCTCGCTCTCGGGGAAGTCCACCAG
D256K,,
,,
W14N,F,CAGCTACGACCCCAACTTCAACCTGGCCGTG
,R,GGCCAGGTTGAAGTTGGGGTCGTAGCTGTCG
D256R,F,CAGCCACCTGCTGAGGGAGAGATTCACCTGG
,R,GGTGAATCTCTCCCTCAGCAGGTGGCTGAAG
G263R,F,TTCACCTGGGGCAGAGTGGAGCTGCACTTCG
,R,GTGCAGCTCCACTCTGCCCCAGGTGAATCTC
N163A,F,CAGACTGGCCGCCTACCTGAACCCCGACAAG
,R,GGTTCAGGTAGGCGGCCAGTCTGCTCAGGTC
N39A,F,TTCCTGGTGAGAGCCGCCGACACCGTGGTG
,R,CACGGTGTCGGCGGCTCTCACCAGGAACAG
T151N,F,CTTCCACCACGGCAACCTGCTGCTGAACG
,R,GTTCAGCAGCAGGTTGCCGTGGTGGAAGC
N163E,F,CAGACTGGCCGAGTACCTGAACCCCGACAAG
,R,GGTTCAGGTACTCGGCCAGTCTGCTCAGGTC
E205N,F,GCGAGGCCATCACCAACGCCTTCTTCGCCCAC
,R,GGCGAAGAAGGCGTTGGTGATGGCCTCGCAC
T151D,F,TTCCACCACGGCGACCTGCTGCTGAACGC
,R,GTTCAGCAGCAGGTCGCCGTGGTGGAAGC
I177T,F,TGGCCGCCAAGGGCACCACCAGCGTGAGAAG
,R,TTCTCACGCTGGTGGTGCCCTTGGCGGCCAG
N83T,F,CCACGACCTGGGCACCACCTGCTTCACCTTC
,R,GGTGAAGCAGGTGGTGCCCAGGTCGTGGAAC
L154V,F,ACGGCACCCTGCTGGTGAACGCCGACCTGAG
,R,CAGGTCGGCGTTCACCAGCAGGGTGCCGTGG
3a7r + 1x2g,,
H79L,F,
,R,
M332L,F,
,R,
I219R,F,AGTGGAGGCCGAGAGAATCAGCCCCAACAAGAC
,R,TTGTTGGGGCTGATTCTCTCGGCCTCCACTCTC
W37Y,F,
,R,
E257K,F,
,R,
V128P,F,
,R,
W37H,F,
,R,
N109A,F,CTGAACGCCCTGGCCGCCCTGGGCGTGAG
,R,ACGCCCAGGGCGGCCAGGGCGTTCAGCAC
V128A,F,
,R,
Y11V,F,ATCAGCGACAGCGTGGACCCCTGGTTCAAC
,R,GAACCAGGGGTCCACGCTGTCGCTGATCAG
E201A,F,GAGCAGGTGTGCGCCGCCATCACCGAGGCC
,R,CTCGGTGATGGCGGCGCACACCTGCTCGTG
M306A,F,
,R,
N39S,F,TTCCTGGTGAGAAGCGCCGACACCGTGGTG
,R,CACGGTGTCGGCGCTTCTCACCAGGAACAG
1x2g,,
Y11D,F,GATCAGCGACAGCGACGACCCCTGGTTCAAC
,R,GAACCAGGGGTCGTCGCTGTCGCTGATCAGC
Y11T,F,
,R,
T185M,F,AGAAGCAGAGTGATGAACCTGACCGAGCTG
,R,CTCGGTCAGGTTCATCACTCTGCTTCTCAC
Y11E,F,ATCAGCGACAGCGAGGACCCCTGGTTCAACC
,R,TGAACCAGGGGTCCTCGCTGTCGCTGATCAG
D131P,F,GACCGTGGAGGGCCCCAGAAAGGTGAGCGG
,R,CTCACCTTTCTGGGGCCCTCCACGGTCTTC
N39T,F,TTCCTGGTGAGAACAGCCGACACCGTGGTG
,R,CACGGTGTCGGCTGTTCTCACCAGGAACAG
E324L,F,GAGCAGGAGAAGCTCCTGAGAGAGCTGAG
,R,AGCTCTCTCAGGAGCTTCTCCTGCTCGGG
G334K,F,GCGCCTGGATGGCCAAAGCCGTGAGATAAGAATTC
,R,TCTTATCTCACGGCTTTGGCCATCCAGGCGCTCAG
N106A,F,CAGCATCGTGCTGGCCGCCCTGAACGCCCTG
,R,GGCGTTCAGGGCGGCCAGCACGATGCTGGTG
S100P,F,CGACAAGACCATCCCCACCAGCATCGTGCTG
,R,ACGATGCTGGTGGGGATGGTCTTGTCGTAC
T225L,F,
,R,
1x2g+Down,,
T57L,F,AAGGAGTGCAACCTGAGAAGAATGGAGGAGG
,R,CTCCATTCTTCTCAGGTTGCACTCCTTCCAG
T57I,F,AGGAGTGCAACATCAGAAGAATGGAGGAG
,R,CTCCATTCTTCTGATGTTGCACTCCTTCC
E54L,F,AACCCCTGGAAGCTGTGCAACACCAGAAG
,R,CTGGTGTTGCACAGCTTCCAGGGGTTCTG
C55L,F,CCCCTGGAAGGAGCTGAACACCAGAAGAATGG
,R,TTCTTCTGGTGTTCAGCTCCTTCCAGGGGTTC
E54I,F,GAACCCCTGGAAGATCTGCAACACCAGAAGAATG
,R,CTTCTGGTGTTGCAGATCTTCCAGGGGTTCTGGG
E54V,F,AACCCCTGGAAGGTGTGCAACACCAGAAG
,R,CTGGTGTTGCACACCTTCCAGGGGTTCTG
V316P,F,CGAGGCCCTGCTGCCAGACTTCCCCGAGCAG
,R,CTCGGGGAAGTCTGGCAGCAGGGCCTCGCAC
E54T,F,GAACCCCTGGAAGACGTGCAACACCAGAAG
,R,CTGGTGTTGCACGTCTTCCAGGGGTTCTGG
L293F,F,CCCTGGAGGCCTTCGCCGGCAGACTGCAG
,R,CAGTCTGCCGGCGAAGGCCTCCAGGGGGG
P167V,F,AACTACCTGAACGTGGACAAGAAGAAGCTGG
,R,CTTCTTCTTGTCCACGTTCAGGTAGTTGGCC
M89S,F,GCTTCACCTTCAGCGCCGGCAAGCCCGAG
,R,GGGCTTGCCGGCGCTGAAGGTGAAGCAGG
Down-bias,,
C55I,F,CCCCTGGAAGGAGATCAACACCAGAAGAATG
,R,TCTTCTGGTGTTGATCTCCTTCCAGGGGTTC
R337P,F,CGGCGCCGTGCCCTAAGAATTCTGCAG
,R,CAGAATTCTTAGGGCACGGCGCCGGCC
T57F,F,GAAGGAGTGCAACTTCAGAAGAATGGAGGAG
,R,CTCCATTCTTCTGAAGTTGCACTCCTTCCAG
T87A,F,AACACCTGCTTCGCCTTCATGGCCGGC
,R,GGCCATGAAGGCGAAGCAGGTGTTGCC
L328V,F,GGAGCTGAGAGAGGTGAGCGCCTGGATGGC
,R,ATCCAGGCGCTCACCTCTCTCAGCTCCTTC
L172A,F,ACAAGAAGAAGGCAGCCGCCAAGGGCATC
,R,GCCCTTGGCGGCTGCCTTCTTCTTGTCGG
T57W,F,AAGGAGTGCAACTGGAGAAGAATGGAGGAGG
,R,CTCCATTCTTCTCCAGTTGCACTCCTTCCAG
T57M,F,AGGAGTGCAACATGAGAAGAATGGAGGAGG
,R,CCTCCATTCTTCTCATGTTGCACTCCTTCC
E54Y,F,ACCCCTGGAAGTACTGCAACACCAGAAGAATG
,R,TCTGGTGTTGCAGTACTTCCAGGGGTTCTGGG
V43I,F,AAACGCCGACACCATCGTGATCGGCAGAGCC
,R,TCTGCCGATCACGATGGTGTCGGCGTTTCTC
C55M,F,CCCCTGGAAGGAGATGAACACCAGAAGAATGGAG
,R,TTCTTCTGGTGTTCATCTCCTTCCAGGGGTTCTG
L293Y,F,CCCCTGGAGGCCTACGCCGGCAGACTGCAG
,R,CAGTCTGCCGGCGTAGGCCTCCAGGGGGGC
M89A,F,CTGCTTCACCTTCGCAGCCGGCAAGCCCGAG
,R,GGGCTTGCCGGCTGCGAAGGTGAAGCAGGTG
T57Y,F,GAAGGAGTGCAACTACAGAAGAATGGAGGAG
,R,CTCCATTCTTCTGTAGTTGCACTCCTTCCAG
E54M,F,GAACCCCTGGAAGATGTGCAACACCAGAAG
,R,CTGGTGTTGCACATCTTCCAGGGGTTCTGG
P167I,F,CAACTACCTGAACATCGACAAGAAGAAGCTG
,R,CTTCTTCTTGTCGATGTTCAGGTAGTTGGCC
W241K,F,
,R,
E54K,F,
,R,
P167E,F,AACTACCTGAACGAGGACAAGAAGAAGCTGG
,R,CTTCTTCTTGTCCTCGTTCAGGTAGTTGGCC
P167L,F,ACTACCTGAACCTGGACAAGAAGAAGCTGG
,R,GCTTCTTCTTGTCCAGGTTCAGGTAGTTGG
E54R,F,GAACCCCTGGAAGAGGTGCAACACCAGAAG
,R,CTGGTGTTGCACCTCTTCCAGGGGTTCTGG
E54W,F,GAACCCCTGGAAGTGGTGCAACACCAGAAG
,R,CTGGTGTTGCACCACTTCCAGGGGTTCTGG
E54A,F,CCCCTGGAAGGCCTGCAACACCAGAAGAATG
,R,TCTGGTGTTGCAGGCCTTCCAGGGGTTCTGG
E54H,F,CCCCTGGAAGCACTGCAACACCAGAAGAATG
,R,CTGGTGTTGCAGTGCTTCCAGGGGTTCTGGG
A248P,F,AACTTCGGCCAGCCCCCCGCCTTCAGC
,R,TGAAGGCGGGGGGCTGGCCGAAGTTCC
